,Spread,Volume,Prediction
0,-0.033373797057392636,0.0102912,14982.099609
1,0.09487487126740413,0.016846600192,15201.0
2,0.014649545254071281,0.016871900159999998,15599.200195
3,0.021710467337904025,0.021783199744,17429.5
4,0.11865199118160766,0.023840899072,17527.0
5,0.0037648514081851216,0.018314600448,16477.599609
6,-0.06235731277001824,0.015866000384,15170.099609
7,-0.08496034196900532,0.018413899776,14595.400391
8,-0.03531238768109889,0.016659999744,14973.299805
9,0.026848527272410164,0.018500800512,13405.799805
10,-0.11110521208131559,0.016534099968,13980.599609
11,0.0384620430845627,0.01206569984,14360.200195
12,0.02850560769659854,0.012763599872,13772.0
13,-0.04311044782203394,0.011084099584,13819.799805
14,0.0037383576601092406,0.012750799872,11490.5
15,-0.19515763449538237,0.018853799936,11188.599609
16,-0.02300727357653601,0.018830600192,11474.900391
17,0.02395687496948294,0.015020399616,11607.400391
18,0.015333594402975348,0.010740400128,12899.200195
19,0.10040712060246744,0.011801700352,11600.099609
20,-0.10660727955673899,0.009935179776,10931.400391
21,-0.06319735569453913,0.01053740032,10868.400391
22,-0.007076630696880648,0.009660609536,11359.400391
23,0.041190179029443975,0.009940989952,11259.400391
24,-0.014209962731545293,0.00887316992,11171.400391
25,-0.0076467310525602915,0.009746199552,11440.700195
26,0.023517839428181017,0.007583269888,11786.299805
27,0.026450526897706435,0.008350360063999999,11296.400391
28,-0.0398268137570509,0.007107359744,10106.299805
29,-0.11249378993634669,0.00863785984,10221.099609
30,0.011200883438441802,0.008041160192,9170.540039
31,-0.11169627703185854,0.009959400448,8830.75
32,-0.03678310333931963,0.012726899712,9174.910156
33,0.03650979575552867,0.00726379008,8277.009766
34,-0.10349945345429984,0.0070735498239999995,6955.27002
35,-0.1739600274655457,0.009285289984,7754.0
36,0.10105072638103701,0.01399980032,7621.299805
37,-0.01704449103167202,0.00916928,8265.589844
38,0.0775136561725048,0.009346750463999999,8736.980469
39,0.055967908554051926,0.0067848202239999995,8621.900391
40,-0.011273346756745578,0.007780960256,8129.970215
41,-0.05876024791559937,0.006122189824,8926.570313
42,0.09168261669289787,0.006256439808,8598.30957
43,-0.03771820630514455,0.005696719872,9494.629883
44,0.09876225274398204,0.007909819904,10166.400391
45,0.06908476372250132,0.009062540288,10233.900391
46,0.009747440198298464,0.007296159744,11112.700195
47,0.08503963834437196,0.008660880384,10551.799805
48,-0.05274089917255522,0.008744009728,11225.299805
49,0.06175243916096753,0.007652089856,11403.700195
50,0.014825197728831075,0.009926540288,10690.400391
51,-0.06227164768505291,0.009405339648,10005.0
52,-0.06248398056165646,0.008040079872,10301.099609
53,0.036003543417975195,0.007739500032,9813.070313
54,-0.0471233000751888,0.006917929984,9664.730469
55,-0.01362519919931388,0.005706939904,10366.700195
56,0.06980827098628851,0.00728769024,10725.599609
57,0.031404071474915266,0.0069661798399999995,10397.900391
58,-0.026933031563837143,0.006936189952,10951.0
59,0.052884839990656386,0.007317279744,11086.400391
60,0.009891511171852791,0.00762059008,11489.700195
61,0.03442427577727068,0.00669057024,11512.599609
62,0.0013421713850941181,0.00608414976,11573.299805
63,0.003533731985484823,0.006468539904,10779.900391
64,-0.06489918511115081,0.0068321699839999995,9965.570313
65,-0.08130593748149774,0.008797910015999999,9395.009766
66,-0.057118815218576986,0.007186089984,9337.549805
67,-0.008581010636215445,0.008704190464,8866.0
68,-0.052788168377115065,0.005386319872,9578.629883
69,0.07924550718748953,0.006296370176,9205.120117
70,-0.0421097757395232,0.006457399808,9194.849609
71,0.002366930220801362,0.00599113984,8269.80957
72,-0.10845006791163371,0.006438230016,8300.860352
73,0.001246109079426877,0.006834429952,8338.349609
74,0.001861244664852068,0.0052893798399999995,7916.879883
75,-0.050129525082224013,0.004426149888,8223.679688
76,0.04259400620065845,0.006639190016,8630.650391
77,0.033992844304554,0.006729110016,8913.469727
78,0.03369088182097236,0.006361789952,8929.280273
79,-0.0009099347982135892,0.0060431298559999996,8728.469727
80,-0.023884903923075147,0.0055303900159999995,8879.620117
81,0.016632032390970497,0.0059541201919999995,8668.120117
82,-0.026478503936046616,0.005664600064,8495.780273
83,-0.013662780902068595,0.004569880064,8209.400391
84,-0.03514198168277183,0.0059210398719999995,7833.040039
85,-0.04578397830978352,0.00537825024,7954.47998
86,0.014768950350967305,0.004935289856,7165.700195
87,-0.10790465339332483,0.006361229824,6890.52002
88,-0.04024617416873291,0.0062895098879999995,6973.529785
89,0.011519817092483595,0.00455326976,6844.22998
90,-0.023378301354151775,0.004532100096,7083.799805
91,0.0342515884020115,0.00433344,7456.109863
92,0.04846123037665013,0.005499700224,6853.839844
93,-0.08443049650244476,0.004936,6811.470215
94,-0.005476210103211785,0.0056393200639999995,6636.319824
95,-0.026747108521292435,0.0037668101119999998,6911.089844
96,0.04101733156434481,0.003976610048,7023.52002
97,0.014758186159497137,0.003652499968,6770.72998
98,-0.03953581868375415,0.004894060032,6834.759766
99,0.005792310398513835,0.00427275008,6968.319824
100,0.018112639935513593,0.004641889792,7889.25
101,0.12700756753892856,0.00890625024,7895.959961
102,-0.0006435323778710825,0.007764460032,7986.240234
103,0.01395788280042342,0.005191430144,8329.110352
104,0.04037034157090171,0.00524448,8058.669922
105,-0.03422745760548114,0.005631309824,7902.089844
106,-0.020976455515456977,0.0069008798719999995,8163.419922
107,0.02723107918348534,0.00652990976,8294.30957
108,0.016430697453281986,0.0070632099839999995,8845.830078
109,0.06527972970369235,0.008438110208,8895.580078
110,0.0053020713227940434,0.007548550144,8802.459961
111,-0.013789762699472642,0.006629899776,8930.879883
112,0.015381469672864986,0.006925190144,9697.5
113,0.08179444197609433,0.010678800384,8845.740234
114,-0.09223862525416524,0.01108310016,9281.509766
115,0.04599907399462685,0.008970559488,8987.049805
116,-0.0330651877560654,0.00756628992,9348.480469
117,0.0446150405209761,0.0078054799359999994,9419.080078
118,0.007761724440137656,0.008853000191999999,9240.549805
119,-0.0199057125537381,0.00867392,9119.009766
120,-0.01459860850043323,0.007713019904,9235.919922
121,0.014374207806035209,0.007558159872,9743.860352
122,0.05371091559939391,0.010207299583999999,9700.759766
123,0.0005432194681198709,0.008217829888,9858.150391
124,0.016060342678085218,0.00765193984,9654.799805
125,-0.01963472709960592,0.007222280191999999,9373.009766
126,-0.02885692701343346,0.00739401984,9234.820313
127,-0.015712288594889427,0.007415869952,9325.179688
128,0.011023266893855412,0.00722689024,9043.94043
129,-0.03059350958938159,0.006906699776,8441.490234
130,-0.07009285381261195,0.008488520192,8504.889648
131,0.00751395833314106,0.006821380096,8723.94043
132,0.024282626079599898,0.005866379776,8716.790039
133,0.00042789851909576975,0.00736414976,8510.379883
134,-0.022531035163983342,0.00670571008,8368.830078
135,-0.01625278455349314,0.00676022016,8094.319824
136,-0.033422504268941916,0.005862530048,8250.969727
137,0.019587696130065932,0.005764190208,8247.179688
138,-0.0010329893577357672,0.004712399872,8513.25
139,0.03175874494124626,0.005191059968,8418.990234
140,-0.012213206231359217,0.00515499008,8041.779785
141,-0.046030465399850444,0.005137010176,7557.819824
142,-0.061591520767042544,0.006491120128,7587.339844
143,0.003479784865714335,0.006049220096,7480.140137
144,-0.01490316669437822,0.00486782976,7355.879883
145,-0.017478271902589666,0.004051539968,7368.220215
146,0.0008380894877103329,0.004056519936,7135.990234
147,-0.03241333310468048,0.005040600064,7472.589844
148,0.04694910491130175,0.0056626600959999995,7406.52002
149,-0.008491756367845564,0.004922540032,7494.169922
150,0.011759498312848539,0.005127130112,7541.450195
151,0.0054289648899517404,0.004921460224,7643.450195
152,0.014049805680856878,0.0049392998399999995,7720.25
153,0.011473263476649453,0.004851760128,7514.470215
154,-0.02732617345731341,0.00499316992,7633.759766
155,0.017667264952287653,0.004961739776,7653.97998
156,0.0036897580503532728,0.00469225984,7678.240234
157,0.003562922290333237,0.004485799936,7624.919922
158,-0.007894321813682421,0.004227579904,7531.97998
159,-0.013215424160103548,0.003845220096,6786.02002
160,-0.1004361864320268,0.005804839936,6906.919922
161,0.01580838427409243,0.00474526976,6582.359863
162,-0.04809799228286156,0.0046543800319999995,6349.899902
163,-0.03824021605991896,0.005052349952,6675.350098
164,0.05100602617787766,0.005138710016,6456.580078
165,-0.03316825405603456,0.003955389952,6550.160156
166,0.014576615996621948,0.003194170112,6499.27002
167,-0.00706882981904962,0.003104019968,6734.819824
168,0.033981411099018456,0.0040392,6769.939941
169,0.004071674417257905,0.004057029888,6776.549805
170,0.0008620337046949257,0.00388864,6729.740234
171,-0.0074448027570335005,0.0035291299839999997,6083.689941
172,-0.10258841886768667,0.0050798100479999995,6162.47998
173,0.011772312038124335,0.00343136,6173.22998
174,0.0014854861282390052,0.004566909952,6249.180176
175,0.01240614590324602,0.00550081024,6093.669922
176,-0.025820748830206876,0.003279759872,6157.129883
177,0.011890929818863787,0.003296219904,5903.439941
178,-0.04146984600914725,0.003467800064,6218.299805
179,0.05293197764997727,0.003966230016,6404.0
180,0.029934357479911026,0.004543860224,6385.819824
181,-0.004065409077642468,0.00478825984,6614.180176
182,0.0359981849971905,0.004396930048,6529.589844
183,-0.01022481864665434,0.00467230976,6597.549805
184,0.007060708951497497,0.00417668992,6639.140137
185,0.005931048845566542,0.0049992401919999995,6673.5
186,0.005260506399277143,0.004313959936,6856.930176
187,0.028002229887828817,0.003961080064,6773.879883
188,-0.01231048822645435,0.003386210048,6741.75
189,-0.004914846096348969,0.00371812992,6329.950195
190,-0.06253749516143711,0.00405243008,6394.709961
191,0.010009829824770613,0.0036448599039999997,6228.810059
192,-0.026803280440285977,0.0037701701119999998,6238.049805
193,0.00048309537160578906,0.0038054000639999998,6276.120117
194,0.004575408262897626,0.002923670016,6359.640137
195,0.013734620836348858,0.0032854599679999997,6741.75
196,0.05874452862303146,0.004725799936,7321.040039
197,0.082634239291518,0.005961950208,7370.779785
198,0.007486768459328302,0.006103410176,7466.859863
199,0.011989201897992444,0.005111629824,7354.129883
200,-0.01518575584802696,0.004936869888,7419.290039
201,0.009057087924617504,0.00372660992,7418.490234
202,9.253982592160229e-05,0.003695460096,7711.109863
203,0.03904982676396962,0.00513248,8424.269531
204,0.08775819935179455,0.0072776898559999996,8181.390137
205,-0.024028025936774784,0.0058454000639999995,7951.580078
206,-0.02786436541150802,0.0048990899199999995,8165.009766
207,0.02665560394519191,0.005195879936,8192.150391
208,0.0028273380333900333,0.00398875008,8218.459961
209,0.001540158314730477,0.004107190016,8180.47998
210,-0.005088850120720708,0.0055514,7780.439941
211,-0.05047847901929167,0.0052875299999999995,7624.910156
212,-0.018872590697245107,0.00479762,7567.149902
213,-0.008800093877887133,0.00421411,7434.390137
214,-0.017158256837335562,0.00462715,7032.850098
215,-0.05604642350335929,0.0042683899999999995,7068.47998
216,0.005326304884394289,0.0036791099999999998,6951.799805
217,-0.0158126806093422,0.0039258999999999995,6753.120117
218,-0.029536186583894466,0.0046828,6305.799805
219,-0.06799474331963412,0.00506443,6568.22998
220,0.040803728989773067,0.00426704,6184.709961
221,-0.06082363292037598,0.00452868,6295.72998
222,0.017499714015258912,0.0040478499999999995,6322.689941
223,0.006173631424368202,0.00566525,6297.569824
224,-0.006862152797766942,0.00408398,6199.709961
225,-0.014348685629449642,0.0053016999999999995,6308.52002
226,0.013598861653093375,0.00489545,6334.72998
227,0.0063529859433465955,0.0043284199999999995,6580.629883
228,0.037144339364257005,0.00499299,6423.759766
229,-0.024619447114633677,0.00398452,6506.069824
230,0.012946208333438102,0.00331117,6308.529785
231,-0.02991542239046732,0.0036651,6488.759766
232,0.029328591886909654,0.00337718,6376.709961
233,-0.016689399602005196,0.00466811,6534.879883
234,0.025319950406911443,0.00342618,6719.959961
235,0.02548529189947806,0.00409782,6763.189941
236,0.0064103566263606125,0.0033125999999999997,6707.259766
237,-0.007074072785636997,0.0032955,6884.640137
238,0.025613061508648394,0.004019,7096.279785
239,0.029331214262904057,0.00465994,7047.160156
240,-0.00632624632188853,0.00414588,6978.22998
241,-0.009423742869757048,0.00446325,7037.580078
242,0.009101861749708574,0.00449565,7193.25
243,0.020789412944169933,0.00411605,7272.720215
244,0.011516474496533124,0.00432954,7260.060059
245,-0.0026118144944753605,0.00408776,7361.660156
246,0.013474758151840311,0.0042736399999999996,6792.830078
247,-0.08019454869529109,0.0058004599999999995,6529.169922
248,-0.03434234238901448,0.00552347,6467.069824
249,-0.009550545585455603,0.00426468,6225.97998
250,-0.03678827714168842,0.00383506,6300.859863
251,0.012252239990321606,0.00367189,6329.700195
252,0.004441261276919226,0.0037141,6321.200195
253,-0.001687270467829082,0.00384991,6351.799805
254,0.005509565175190363,0.00406423,6517.310059
255,0.025302443443541763,0.00421091,6512.709961
256,-0.00041375101738821507,0.00407622,6543.200195
257,0.005178030473244894,0.0032163,6517.180176
258,-0.002998977999972307,0.00327373,6281.200195
259,-0.036390807486282754,0.00391078,6371.299805
260,0.014290977711437456,0.00418009,6398.540039
261,0.004217486475444896,0.00443134,6519.669922
262,0.01869522032749285,0.00434811,6734.950195
263,0.03326841254764322,0.00653194,6721.97998
264,-0.0019461655606489352,0.0045096599999999995,6710.629883
265,-0.0006976187787339618,0.0041975,6595.410156
266,-0.016451945294628432,0.00417731,6446.470215
267,-0.024206988102113903,0.00472618,6495.0
268,0.006501942427866264,0.0044373,6676.75
269,0.027541818079937955,0.00460681,6644.129883
270,-0.005173610196466682,0.00501443,6601.959961
271,-0.006254795720177171,0.00436369,6625.560059
272,0.0031566378827742147,0.0040022799999999996,6589.620117
273,-0.004579474498976511,0.0040009699999999995,6556.100098
274,-0.005648801682375134,0.00397926,6502.589844
275,-0.007872259699984657,0.0038873099999999997,6576.689941
276,0.01202632788506253,0.00383841,6622.47998
277,0.007333277748249953,0.0036715,6588.310059
278,-0.005170264646114007,0.00325974,6602.950195
279,0.001859300807924207,0.00330663,6652.22998
280,0.007854448100932372,0.00397946,6642.640137
281,-0.00157366076771823,0.00358081,6585.529785
282,-0.008310071362179292,0.00378765,6256.240234
283,-0.05151794600744487,0.0051816399999999995,6274.580078
284,0.005623583246989807,0.0037835,6285.990234
285,0.0012587451799667925,0.00306403,6290.930176
286,0.00038596417826250614,0.00308532,6596.540039
287,0.045962775523320024,0.00737077,6596.109863
288,-0.0008003486632812838,0.0040748,6544.430176
289,-0.007026608426763805,0.00408842,6476.709961
290,-0.010081768901256824,0.00392408,6465.410156
291,-0.001956824724352261,0.00357887,6489.189941
292,0.0043671321432042845,0.0033791299999999997,6482.350098
293,-0.001187771699334249,0.00325361,6487.160156
294,0.00017073418914661273,0.00367286,6475.740234
295,0.0005217717076160689,0.00371615,6495.839844
296,0.0026094838864954635,0.00342467,6476.290039
297,-0.001290931091878489,0.00323055,6474.75
298,0.0009746845508167204,0.00330605,6480.379883
299,-7.097648813963838e-05,0.00339325,6486.390137
300,0.0005760503926187791,0.00344519,6332.629883
301,-0.024935652590658504,0.00419991,6334.27002
302,-0.00043707937021904774,0.0037811,6317.609863
303,-0.0030602099693868173,0.00419124,6377.779785
304,0.009275960205651568,0.0037894,6388.439941
305,0.001496359576687843,0.00423487,6361.259766
306,-0.004077785435174804,0.00365864,6376.129883
307,0.0016809114807387507,0.00439002,6419.660156
308,0.008726116930532716,0.0041748,6461.009766
309,0.0042931177106563636,0.00470004,6530.140137
310,0.0094681890872096,0.00494126,6453.720215
311,-0.010566077715675377,0.00466526,6385.620117
312,-0.008882421770761584,0.0043468199999999995,6409.220215
313,0.0036015083194453415,0.00370532,6411.27002
314,-0.0003694958772842381,0.00393906,6371.27002
315,-0.006329153279806092,0.00429577,6359.490234
316,-0.002151008257595655,0.0045038,5738.350098
317,-0.10287154597721251,0.00739894,5648.029785
318,-0.015830151136980837,0.00703214,5575.549805
319,-0.012508115705669213,0.00527932,5554.330078
320,-0.004370101602727671,0.0043031499999999995,5623.540039
321,0.011379258553082982,0.00415968,4871.490234
322,-0.14321707833945838,0.00703956,4451.870117
323,-0.08934791412589795,0.00842829,4602.169922
324,0.030295848448767548,0.00612012,4365.939941
325,-0.05461305829679821,0.00456937,4347.109863
326,-0.003163448247807104,0.00487149,3880.76001
327,-0.11377088779704515,0.0046795,4009.969971
328,0.03353000586544634,0.00682564,3779.129883
329,-0.06087946247456626,0.0064769,3820.719971
330,0.014558808770131368,0.00599872,4257.419922
331,0.10597718127461386,0.00728028,4278.84668
332,0.0022999255754815014,0.006503347767,4017.268555
333,-0.0657698852053229,0.006048016717,4214.671875
334,0.045948905705899795,0.005375314093,4139.87793
335,-0.014467870936790875,0.005262697895,3894.130859
336,-0.0633265106021748,0.005089570994,3956.893799
337,0.017854199635654554,0.005028069239,3753.994873
338,-0.053058609673211556,0.005302481574,3521.101807
339,-0.06299905843576321,0.0058783331089999995,3419.937256
340,-0.027279712515564828,0.006835615448,3476.114746
341,0.015810635642398728,0.0053050244969999995,3614.234375
342,0.03941821478572418,0.004947372847,3502.656006
343,-0.030738527210180593,0.00502096874,3424.588135
344,-0.021133079198218323,0.0046967651879999996,3486.950195
345,0.018852814342461003,0.004139364829,3313.677246
346,-0.05132747339002317,0.004343372456,3242.484863
347,-0.02119524170963851,0.0043727636629999995,3236.761719
348,-0.0022378835621487863,0.003551763561,3252.839111
349,0.0050659127148105455,0.003744248994,3545.864746
350,0.08545904142635487,0.005409247918,3696.059082
351,0.04209423843409626,0.005911325473,3745.950684
352,0.010246961714982253,0.006810689119,4134.441406
353,0.09904956522185153,0.008927129278999999,3896.543701
354,-0.058926285137544054,0.007206015705999999,4014.182617
355,0.029504455684204234,0.005605823233,3998.980225
356,-0.005461188458139356,0.00615127549,4078.599121
357,0.01892315237870208,0.007240968501,3815.490723
358,-0.06765705331858839,0.006158207293,3857.297607
359,0.00982115673517132,0.005326547918,3654.833496
360,-0.0531538713251434,0.005130222366,3923.918701
361,0.07127125414226324,0.005631554348,3820.408691
362,-0.028797686660256713,0.004991655917,3865.952637
363,0.011317611556884764,0.004770578575,3742.700439
364,-0.0326912550470238,0.004661840806,3843.52002
365,0.025616507954436783,0.00432420099,3943.409424
366,0.02425972357314608,0.005244856836,3836.741211
367,-0.024300049291527574,0.004530215219,3857.717529
368,0.006713255031985973,0.0048479654669999995,3845.19458
369,-0.0017513483113947433,0.005137609824,4076.632568
370,0.060636179003285495,0.00559702744,4025.248291
371,-0.01314762315878329,0.005228625637,4030.8479
372,0.0005861680090835977,0.005306593305,4035.296387
373,0.0009255603185318773,0.005115905225,3678.924561
374,-0.09205638055009598,0.0068741437959999995,3687.365479
375,0.0036243207818197867,0.005538712865,3661.301025
376,-0.006982961100482532,0.0047781708829999995,3552.953125
377,-0.029340616911619856,0.004681302466,3706.052246
378,0.040862288990601445,0.0056513844899999995,3630.675293
379,-0.02003814404751332,0.0055371923019999995,3655.006836
380,0.0064283508089824064,0.005394457145,3678.563965
381,0.007311015254335384,0.005464420383,3657.839355
382,-0.005506071837867406,0.0050029617269999995,3728.568359
383,0.020561689412845818,0.00595569138,3601.013672
384,-0.033968182498590974,0.00558248956,3576.032471
385,-0.006791976714808508,0.0050043470589999995,3604.577148
386,0.008238525449971477,0.0053136235559999995,3585.123047
387,-0.005685307894375955,0.005433755649,3600.865479
388,0.004555274774303127,0.005262869046,3599.765869
389,-0.002121300780103113,0.005265847539,3602.460449
390,0.0007574534535180411,0.0050981832349999995,3583.96582
391,-0.005772054277510962,0.005570752966,3470.450439
392,-0.032403366085317006,0.006908930483,3448.116943
393,-0.006035631898301249,0.005897159493,3486.181641
394,0.01221294962967563,0.005955112627,3457.792725
395,-0.007944071444746575,0.0058311982709999995,3487.945313
396,0.007903083173684051,0.005422926707,3521.060791
397,0.010423553971479151,0.005071623601,3464.013428
398,-0.014958783954658267,0.0050439375839999995,3459.154053
399,-0.0023291913143458983,0.005332718886,3466.357422
400,0.0032918769863811044,0.005227549545,3413.767822
401,-0.01611145494638131,0.005482196038,3399.47168
402,-0.004531630390959094,0.005004962683,3666.780273
403,0.07490260385395608,0.007735623101,3671.203613
404,-0.00010436769584425316,0.006158833645,3690.188232
405,0.004631073797642868,0.006282256903,3648.430664
406,-0.012859910150879566,0.006277056434,3653.528564
407,0.002957705048026933,0.006480384532,3632.070557
408,-0.005910105097233934,0.006438903823,3616.880859
409,-0.003939728958420993,0.006271044418,3620.810791
410,0.0009488374281197578,0.006091952231,3629.787598
411,0.0039948021860119745,0.005934744052,3673.836182
412,0.011089962318213648,0.007039512503,3915.714355
413,0.06424498657333003,0.00990821664,3947.094482
414,0.008948785379970889,0.009933626655,3999.820557
415,0.01340665743823779,0.008693373948,3954.118164
416,-0.01160704127565006,0.007775128102,4005.526611
417,0.013351199930720278,0.007826525254,4142.526855
418,0.03530678956731939,0.008922258316,3810.42749
419,-0.08371210491104283,0.010794227451,3882.696289
420,0.019608002576016,0.009318796067,3854.35791
421,-0.0062977296697705396,0.007931218996,3851.047363
422,-0.001676000314527736,0.008301309684,3854.7854
423,0.0016830594136628817,0.008399767798,3859.58374
424,0.001501815623772623,0.0076612479749999995,3864.415039
425,0.0023607723853237474,0.007578786076,3847.175781
426,-0.003913270248054913,0.007253558152,3761.557129
427,-0.02197947055354713,0.009029175787999999,3896.375
428,0.03570158126421835,0.010174126415,3903.942627
429,0.0017614163450960182,0.009175291529,3911.484375
430,0.0020679448870801354,0.009584165519,3901.131592
431,-0.003090918083121065,0.010638638944,3963.313721
432,0.017452912620138046,0.010796103518,3951.599854
433,-0.003694153636652371,0.009713267607,3905.227295
434,-0.012351136041802586,0.010125901902999999,3909.15625
435,0.001385786499651878,0.009809887078999999,3906.717285
436,-0.0016192559746233928,0.009469184840999999,3924.369141
437,0.0047891724964641245,0.01048078957,3960.911133
438,0.008689514616786872,0.009394210605,4048.72583
439,0.021104344960494858,0.009856166973,4025.229004
440,-0.005580394605068949,0.0082216254,4032.507324
441,0.0006283678944913375,0.009646954186,4071.190186
442,0.009498681307632234,0.009344919956,4087.476318
443,0.00410866905706442,0.010175916388,4029.326904
444,-0.01348395613393058,0.010831212662,4023.968262
445,-0.0011259772372454993,0.009252935969,4035.826416
446,0.003251496520297092,0.009578850549,4022.168213
447,-0.003229907911416443,0.009144851065,3963.070557
448,-0.015312483497555927,0.010359818883,3985.080811
449,0.003998078908079398,0.010707678815,4087.066162
450,0.025498539583440016,0.010897131934,4069.107178
451,-0.004542572190770231,0.009353915899,4098.374512
452,0.007382471856066293,0.010918665557,4106.660156
453,0.0034784862669437495,0.00973268806,4105.404297
454,-1.2612944146932401e-05,0.009045122443,4158.183105
455,0.012786669155489748,0.010157794171,4879.87793
456,0.15957109268755107,0.021315047816,4973.021973
457,0.018277179189067155,0.022899891582,4922.798828
458,-0.009799801271048729,0.01825181024,5036.681152
459,0.02283665562461641,0.016837325386999998,5059.817383
460,0.004515456910006386,0.016929795194,5198.896973
461,0.026464775239539898,0.01665541614,5289.770996
462,0.017184509725881335,0.017154113634,5204.958496
463,-0.016248778001263103,0.014722104361,5324.551758
464,0.022693529291785555,0.015504590932999999,5064.487793
465,-0.0502517857414561,0.016555616018999998,5089.539063
466,0.005634361537021512,0.013675206312,5096.586426
467,0.0015186077369935829,0.010823289598,5167.722168
468,0.014058663778906267,0.010391952498,5067.108398
469,-0.019609931153802176,0.012290155060999999,5235.55957
470,0.03283070382782764,0.011618660196999999,5251.937988
471,0.003011914552426604,0.012438480677,5298.385742
472,0.008874755845781334,0.013256489918,5303.8125
473,0.001070613982414008,0.013780238654999999,5337.88623
474,0.0063308462656778575,0.013169647522,5314.53125
475,-0.004021310137582546,0.013731844223,5399.365234
476,0.016232999030669024,0.014601631648,5572.362305
477,0.03138769329348991,0.015867308108,5464.866699
478,-0.019283659312774766,0.017048033399,5210.515625
479,-0.04774690114440914,0.015330283408,5279.348145
480,0.01307517050495456,0.01681210804,5268.291016
481,-0.002120592943687,0.013111274675,5285.13916
482,0.0025312199789466992,0.012819992056,5247.352539
483,-0.007125133817427839,0.013735490672,5350.726563
484,0.019457096016052746,0.013878964574,5402.697266
485,0.009619988662343607,0.013679528235999999,5505.283691
486,0.01884505613319504,0.014644460907,5768.289551
487,0.046272520819795784,0.018720780006,5831.16748
488,0.010746252803911376,0.017567780766,5795.708496
489,-0.0061272180981401395,0.014808830723,5746.807129
490,-0.007835841980203043,0.015737171804,5829.501465
491,0.014306119290177123,0.018026409033,5982.45752
492,0.0225675853212493,0.0153206053,6174.528809
493,0.03159996491509022,0.016784645411,6378.849121
494,0.03223629141683666,0.019419875367999998,7204.771484
495,0.12037675229413368,0.028867562329,6972.371582
496,-0.0322823328674721,0.027773333679999998,7814.915039
497,0.11290700075574336,0.028677672181,7994.416016
498,0.02336743173777824,0.032031452227,8205.167969
499,0.026780806687277725,0.02834411292,7884.90918
500,-0.03857737724428591,0.033167197581,7343.895508
501,-0.07256236738889278,0.030066644905,7271.208008
502,-0.009586722219053254,0.021354286562,8197.689453
503,0.11973371428690661,0.02590242204,7978.309082
504,-0.02753377763906985,0.02384340434,7963.327637
505,-0.0018410730637637837,0.025127245056,7680.066406
506,-0.03538269110258047,0.024719473175,7881.84668
507,0.026436362590148737,0.02445710782,7987.371582
508,0.0132383531416689,0.025919126990999998,8052.543945
509,0.007542783031984691,0.022256813107,8673.21582
510,0.07440436581190028,0.026677970090999998,8805.77832
511,0.014987136334197512,0.027949839564,8719.961914
512,-0.009493996259013543,0.024226919266999998,8659.487305
513,-0.0068572339929167765,0.023473479966,8319.472656
514,-0.03973259118737217,0.029246528551,8574.501953
515,0.030337446764087502,0.025365190957,8564.016602
516,-0.0011484350711416836,0.022488303544,8742.958008
517,0.020435102716881065,0.020266216022,8208.995117
518,-0.06287017203883681,0.022004511436,7707.770996
519,-0.06379705004215777,0.024609731549,7824.231445
520,0.015399383148238212,0.021760923463,7822.023438
521,0.00030822954050962255,0.019474611077,8043.951172
522,0.02727694099580564,0.019141423230999998,7954.12793
523,-0.010386372409778228,0.01652272281,7688.077148
524,-0.03362611965061744,0.016610726547,8000.32959
525,0.03944580445841458,0.018689275116999998,7927.714355
526,-0.00968774468065944,0.017107279932,8145.857422
527,0.027451675205407852,0.019034432883,8230.923828
528,0.010412873055442282,0.018669407146999998,8693.833008
529,0.054804516849027145,0.019831162906,8838.375
530,0.01700800534208958,0.018371033226,8994.488281
531,0.016864383161727146,0.023348550311,9320.352539
532,0.036014425386818844,0.015562951919,9081.762695
533,-0.02764673842776133,0.015848210536,9273.521484
534,0.02120781371300377,0.015546809946,9527.160156
535,0.026993243816562092,0.017846823783999998,10144.556641
536,0.06298871864034557,0.020624008643,10701.691406
537,0.04945054186964222,0.029995204860999998,10855.371094
538,0.014556273694530115,0.020998326502,11011.102539
539,0.01451891902127299,0.019271652365,11790.916992
540,0.06875258780667992,0.024879684533,13016.231445
541,0.09687274422363441,0.045105733173,11182.806641
542,-0.15412499137025698,0.039977475223,12407.332031
543,0.10660801853431255,0.035087757766,11959.371094
544,-0.036922267061593406,0.029923961128,10817.155273
545,-0.09703763681762692,0.027256473494,10583.134766
546,-0.02007873484486164,0.029378589324,10801.677734
547,0.020628899228936327,0.031015895223,11961.269531
548,0.10033367182900312,0.030796494294,11215.4375
549,-0.06535993325983326,0.025920294033,10978.459961
550,-0.020173889879161796,0.02383848021,11208.550781
551,0.019997500220849493,0.021092024306,11450.84668
552,0.02055761150391561,0.019369044277,12285.958008
553,0.07071519506981962,0.023482551458,12573.8125
554,0.02314743108159133,0.028167921523,12156.512695
555,-0.03341513121425022,0.033627574244,11358.662109
556,-0.06703286799229263,0.02859532769,11815.986328
557,0.0399994703212039,0.023534692797,11392.378906
558,-0.036988129574976505,0.021042616384,10256.058594
559,-0.10375111246043235,0.022486000001,10895.089844
560,0.06056144808376337,0.025384047207,9477.641602
561,-0.1388143619826056,0.02415119907,9693.802734
562,0.02327572207717651,0.024569921549,10666.482422
563,0.09625104306838926,0.025187024648,10530.732422
564,-0.011765496820413345,0.020727426309999998,10767.139648
565,0.022448465354389862,0.020206615155,10599.105469
566,-0.01680747330088214,0.017130580467,10343.106445
567,-0.02439999036174531,0.016334414913,9900.767578
568,-0.04409025333699947,0.017851916994999998,9811.925781
569,-0.00776563909911916,0.017398734322,9911.841797
570,0.010311524433860278,0.01582195209,9870.303711
571,-0.004362040489953947,0.014495714483,9477.677734
572,-0.0401951564939139,0.016817809536,9552.860352
573,0.006504558478896467,0.013738687093,9519.145508
574,-0.003031460644672876,0.013791445323,9607.423828
575,0.008892241024973473,0.013829811132,10085.62793
576,0.04893150403829254,0.016631520648,10399.668945
577,0.031639012207141826,0.017165337858,10518.174805
578,0.011044939784351924,0.017489094082,10821.726563
579,0.028199926203753705,0.015352685061,10970.18457
580,0.013736041758675618,0.016530894787,11805.65332
581,0.07393457803927846,0.023875988832,11478.168945
582,-0.028294700159446677,0.023635107659999998,11941.96875
583,0.039689959102008336,0.022194988641,11966.407227
584,0.0010509351249075344,0.01948159173,11862.936523
585,-0.007646319883499681,0.01833998996,11354.024414
586,-0.04367831097890395,0.018125355447,11523.579102
587,0.015267857868595676,0.015774371518,11382.616211
588,-0.012742119661229087,0.013647198229,10895.830078
589,-0.043974325202076045,0.016681503537,10051.704102
590,-0.08010283234501286,0.0199908383,10311.545898
591,0.027159322122809405,0.022899115081999998,10374.338867
592,0.00538953956462783,0.020228207096,10231.744141
593,-0.012364430269089653,0.013778035685,10345.810547
594,0.010948634816912866,0.012999813869,10916.053711
595,0.05330101626572579,0.016038264603,10763.232422
596,-0.014199595399943815,0.015053082175,10138.049805
597,-0.06035439968136334,0.019473084768,10131.055664
598,-0.001142898496149136,0.017097508856,10407.964844
599,0.026476301944583357,0.015627023886,10159.960938
600,-0.024282327411866592,0.01545103065,10138.517578
601,-0.0021876903740605928,0.01415385661,10370.820313
602,0.023695422857501904,0.01843865408,10185.5
603,-0.018303734252086416,0.014762609503,9754.422852
604,-0.044909322028991686,0.017603790323,9510.200195
605,-0.02571494306873734,0.017045878501,9598.173828
606,0.008732680531725878,0.013595263986,9630.664063
607,0.003449618810477346,0.011454806419,9757.970703
608,0.013145500572074309,0.011445355859,10346.760742
609,0.0585561701395274,0.017248102294,10623.540039
610,0.02640237989763762,0.019384917988999998,10594.493164
611,-0.002518002896075736,0.016742664769,10575.533203
612,-0.001196611612803984,0.014551239508,10353.302734
613,-0.021225506588737286,0.019536574783,10517.254883
614,0.015623342560116774,0.015307366476,10441.276367
615,-0.007316247000776741,0.013670567493,10334.974609
616,-0.010512516546024194,0.017595943368,10115.975586
617,-0.0215952395629947,0.014906809639,10178.37207
618,0.005479790913754447,0.015428063426,10410.126953
619,0.02271573754242249,0.015323563925,10360.546875
620,-0.005304354758775008,0.014109864675,10358.048828
621,0.001220972571915789,0.013468713124,10347.712891
622,-0.0008456883967115719,0.012043433567,10276.793945
623,-0.006845511136300715,0.015160167779,10241.272461
624,-0.0039266401492951885,0.015304603363,10198.248047
625,-0.004841636434654057,0.01616926888,10266.415039
626,0.006543680229568119,0.019937691247,10181.641602
627,-0.008294300519740025,0.014734189639,10019.716797
628,-0.016239855267151184,0.013425266806,10070.392578
629,0.004628433863042115,0.013199651698,9729.324219
630,-0.03420353940999566,0.015144925408,8620.566406
631,-0.12200799063801852,0.025002886688999998,8486.993164
632,-0.01364194668400698,0.021744728353,8118.967773
633,-0.04493267605954142,0.019258205288999998,8251.845703
634,0.017089467340873386,0.016408941156,8245.915039
635,-0.0006530233449225752,0.014141152736,8104.185547
636,-0.01745628606661082,0.013034629108999999,8293.868164
637,0.023492315356206283,0.017115474183,8343.276367
638,0.005206777687329238,0.015305343413,8393.041992
639,0.0058756841052186,0.013125712442999999,8259.992188
640,-0.015794321006532577,0.013668823408999999,8205.939453
641,-0.006526565542021021,0.013139456229,8151.500488
642,-0.007202087219159237,0.012200497196999999,7988.155762
643,-0.02006433935384786,0.013160830305,8245.623047
644,0.03163920316931288,0.018009742607,8228.783203
645,-0.002187417747491756,0.015592264032,8595.740234
646,0.04356722124553559,0.019384942333,8586.473633
647,0.00013959707757634578,0.017618660671,8321.756836
648,-0.03093161732959124,0.019604381101,8336.555664
649,0.002497596477837915,0.014532641605,8321.005859
650,-0.0018983596985573945,0.013808286059,8374.686523
651,0.0064595651170692514,0.015151387859,8205.369141
652,-0.020259699682150953,0.015220412632,8047.526855
653,-0.019398703518071332,0.016071646996,8103.911133
654,0.006953323907568557,0.014313052244,7973.20752
655,-0.01592537088008362,0.01565159261,7988.560547
656,0.0018414502970498393,0.01379782564,8222.078125
657,0.027634456749765068,0.015504249442,8243.720703
658,0.0022561504292298554,0.015868748866,8078.203125
659,-0.020181792930713056,0.016803377857,7514.671875
660,-0.07216874594955135,0.021942878958,7493.48877
661,-0.002168145877571006,0.016268708849,8660.700195
662,0.14469842669712826,0.028705065488,9244.972656
663,0.061805201362417204,0.044496255609,9551.714844
664,0.032871025482847246,0.032593129501,9256.148438
665,-0.03241685156091182,0.030948255331999998,9427.6875
666,0.019120881525436548,0.028426779937,9205.726563
667,-0.02341545696577001,0.027706531577,9199.584961
668,-0.0003120862367895407,0.026583653946999998,9261.104492
669,0.0072917621954475716,0.024324691031,9324.717773
670,0.006972063270544639,0.021242676385,9235.354492
671,-0.009657397987928463,0.021132220846999998,9412.612305
672,0.018934509846246225,0.026170255633999998,9342.527344
673,-0.007531925016762528,0.026198609048,9360.879883
674,0.0021373771640934443,0.023133895765,9267.561523
675,-0.009136051715418881,0.022700383839,8804.880859
676,-0.05102834720863525,0.024333037836,8813.582031
677,0.00046517221550863944,0.017578630605999998,9055.526367
678,0.027139840092227117,0.020587919881,8757.788086
679,-0.03364433384472566,0.020265510765,8815.662109
680,0.006375452452751772,0.020309769107,8808.262695
681,-0.00042850350480170554,0.017545755405,8708.094727
682,-0.01185442791661707,0.019084739975,8491.992188
683,-0.024827989739845326,0.021796856471,8550.760742
684,0.006984041756209638,0.016495389808,8577.975586
685,0.0033089889504317347,0.018668638897,8309.286133
686,-0.031275078474027954,0.021579470673,8206.145508
687,-0.011992534517281868,0.021083613816,8027.268066
688,-0.021707029441379394,0.020764300436999998,7642.75
689,-0.04849849007743261,0.022514243370999998,7296.577637
690,-0.04742238352641083,0.034242315785,7397.796875
691,0.013928268480290558,0.021008924418,7047.916992
692,-0.04858291272055063,0.030433517288999998,7146.133789
693,0.015233774235252838,0.042685231262,7218.371094
694,0.010155061463222165,0.021129505542,7531.663574
695,0.042590863768401314,0.023991412764,7463.105957
696,-0.009709353603994917,0.019050116751,7761.243652
697,0.03864556317575145,0.019709695456,7569.629883
698,-0.02532931972507269,0.017158194786,7424.29248
699,-0.01982428140087624,0.018720708479,7321.988281
700,-0.013876303734715368,0.017082040706,7320.145508
701,-0.000522941230086066,0.014797485769,7252.034668
702,-0.009257247743852875,0.021664240918,7448.307617
703,0.026050281261722888,0.018816085231,7546.996582
704,0.01291036207453761,0.018104466306999998,7556.237793
705,0.0011871352184754877,0.015453520564,7564.345215
706,0.0017214755018916234,0.015409908086,7400.899414
707,-0.02147559631468356,0.017872021272,7278.119629
708,-0.016225508562428825,0.018249031195,7217.427246
709,-0.00823303174797813,0.016350490688999998,7243.134277
710,0.003658070874560678,0.018927080223999998,7269.68457
711,0.003446457830852476,0.01712573694,7124.673828
712,-0.02002339988459051,0.01713702973,7152.301758
713,0.00397888882602572,0.016881129804,6932.480469
714,-0.031429477749827156,0.02021326595,6640.515137
715,-0.04291606180279625,0.022363804217,7276.802734
716,0.09074690821214737,0.031836522778,7202.844238
717,-0.010390139445783304,0.025904604416,7218.816406
718,0.0014193606284289974,0.02263381518,7191.158691
719,-0.0041064644530417055,0.019312552168,7511.588867
720,0.04363578560925205,0.023134537955999998,7355.628418
721,-0.02046057329784219,0.027831788040999998,7322.532227
722,-0.004303993307221862,0.022991622104999998,7275.155762
723,-0.0069419753076330375,0.021559505149,7238.966797
724,-0.004912369834924554,0.022787010034,7290.088379
725,0.007138818389436801,0.022777360996,7317.990234
726,0.003943768202623837,0.021365673026,7422.652832
727,0.014195848983813455,0.022445257702,7292.995117
728,-0.017280115228160482,0.022874131672,7193.599121
729,-0.013904084406472762,0.021167946112,7200.174316
730,0.0007321540459759626,0.018565664997,6985.470215
731,-0.030688418635072646,0.020802083465,7344.884277
732,0.05031234914061288,0.028111481032,7410.656738
733,0.008859563467773902,0.018444271275,7411.317383
734,0.00011585427968063018,0.019725074095,7769.219238
735,0.047233665670318344,0.023276261598,8163.692383
736,0.04954211357444295,0.028767291327,8079.862793
737,-0.010037324155451093,0.031672559265,7879.071289
738,-0.02552319512947157,0.024045990466,8166.554199
739,0.036272650011615684,0.028714583844,8037.537598
740,-0.015343834165514748,0.025521165085,8192.494141
741,0.019647259920505256,0.022903438381,8144.194336
742,-0.005600082131096482,0.022482910688,8827.764648
743,0.08070665016128374,0.044841784107,8807.010742
744,-0.002089552592374705,0.04010283465,8723.786133
745,-0.010160669501361424,0.031313981931,8929.038086
746,0.023115742234295893,0.036372139319999996,8942.808594
747,0.0017485527658321837,0.032337772627,8706.245117
748,-0.02645010632718242,0.034217320471,8657.642578
749,-0.005430380561405345,0.026422375677999998,8745.894531
750,0.010046495019418948,0.024097418512,8680.875977
751,-0.007267458562153459,0.022600204050999998,8406.515625
752,-0.03221063030825615,0.025770680779,8445.43457
753,0.004751323593401051,0.024397913026,8367.847656
754,-0.008627024813041801,0.019647331549,8596.830078
755,0.02745998381911238,0.022177678795999998,8909.819336
756,0.035563028945126154,0.028647338393,9358.589844
757,0.048838290228885466,0.034398744402999996,9316.629883
758,-0.004373638890921182,0.030682598115,9508.993164
759,0.02054688258209996,0.032378792850999996,9350.529297
760,-0.016828084564941826,0.029432489719,9392.875
761,0.004961196956416049,0.025922656496,9344.365234
762,-0.004864986173241197,0.030835736946,9293.521484
763,-0.005445962429725092,0.030934096509,9180.962891
764,-0.012131689224920814,0.029893183716,9613.423828
765,0.0455878847542082,0.035222060874,9729.801758
766,0.011565579325503266,0.037628823716,9795.943359
767,0.007151109977150814,0.034522718159,9865.119141
768,0.007368591090743619,0.035172043762,10116.673828
769,0.025303450602130836,0.035807884663,9856.611328
770,-0.025959295275388643,0.039386548075,10208.236328
771,0.0353415793292745,0.037648059388999996,10326.054688
772,0.012008836557226392,0.043444303829999996,10214.379883
773,-0.010652491854387087,0.049356071373,10312.116211
774,0.009836437814485033,0.043338264162,9889.424805
775,-0.041989709987790017,0.043865054831,9934.433594
776,0.004576566806855459,0.043374780305,9690.142578
777,-0.025343230193809265,0.045998298413,10141.996094
778,0.045544950505686424,0.047271023953,9633.386719
779,-0.051549230072759564,0.04699201971,9608.475586
780,-0.002177377830789238,0.044925260237,9686.441406
781,0.00773159169982556,0.040930547513,9663.181641
782,-0.0025416281550469503,0.035838025153999996,9924.515625
783,0.026659317432443624,0.041185185761,9650.174805
784,-0.027852751869050188,0.045080496648,9341.705078
785,-0.03266287175039329,0.042515259129,8820.522461
786,-0.05734112611974837,0.050420050762,8784.494141
787,-0.0046372811143065166,0.045470195695,8672.455078
788,-0.01337753417287204,0.044605450442999996,8599.508789
789,-0.008253642781668099,0.035792392544,8562.454102
790,-0.004338256287509522,0.0353491643,8869.669922
791,0.0351101566296924,0.042857674409,8787.786133
792,-0.008815059246990008,0.042386715821,8755.246094
793,-0.0037931512176995314,0.034746706368,9078.762695
794,0.0355854570948909,0.039698054597,9122.545898
795,0.004861302452577704,0.040826885651,8909.954102
796,-0.02344598384108837,0.03621693037,8108.116211
797,-0.09401983596241142,0.039973102121,7923.644531
798,-0.02363287545729983,0.046936995808,7909.729492
799,-0.001556884142201423,0.042213940994,7911.430176
800,0.00017190766510441635,0.038682762605,4970.788086
801,-0.46019546948059414,0.053980357243,5563.707031
802,0.10977792316977572,0.074156772075,5200.366211
803,-0.06933975204062441,0.036154506008,5392.314941
804,0.03475364224170258,0.033997889639,5014.47998
805,-0.07444330279669188,0.04536802643,5225.629395
806,0.043088132069874094,0.038622642935,5238.438477
807,0.002177583307440511,0.037878801016,6191.192871
808,0.1635342823257839,0.051000731797,6198.77832
809,0.001121083657047009,0.054442976103,6185.066406
810,-0.003485525193992167,0.042494390879999996,5830.254883
811,-0.05832573786131632,0.04009966474,6416.314941
812,0.09566495191024109,0.046491916,6734.803711
813,0.045175623434255095,0.048221910672,6681.062988
814,-0.00858618374745783,0.044590107888,6716.44043
815,0.006193638062089643,0.035319797642,6469.79834
816,-0.037644146622301616,0.034585598367,6242.193848
817,-0.035765434742841454,0.034885225901,5922.042969
818,-0.05317450029937727,0.028373690931,6429.841797
819,0.08120543585913234,0.037101651525,6438.644531
820,0.0012482781960385138,0.032786468812,6606.776367
821,0.026446777734750335,0.040346426266,6793.624512
822,0.027308663864722284,0.047660646124,6733.387207
823,-0.009360437525350663,0.038976504902999996,6867.527344
824,0.019026204012240838,0.033185988584,6791.129395
825,-0.010501713446638635,0.029510409855999998,7271.78125
826,0.06883568438003568,0.046896904615,7176.414551
827,-0.01335143193676113,0.044243482667999996,7334.098633
828,0.021339828030397842,0.037563249549,7302.089355
829,-0.004941544580640254,0.034815139178,6865.493164
830,-0.06214564560824268,0.043622840992,6859.083008
831,-0.0012186392028677902,0.031222085946,6971.091797
832,0.016226217787675246,0.035759567632,6845.037598
833,-0.017688161002418216,0.038619308647,6842.427734
834,-0.0001241972805056075,0.034110434052,6642.109863
835,-0.030003045148562897,0.032288311031,7116.804199
836,0.06959118481414273,0.046783242376999996,7096.18457
837,-0.002865221356216536,0.032513423567,7257.665039
838,0.023033803190906896,0.032447188386,7189.424805
839,-0.00989751564260622,0.031311210214999996,6881.958496
840,-0.04332473901829853,0.037747113936,6880.323242
841,7.830085400291845e-05,0.032589741511,7117.20752
842,0.03393364799017621,0.033249153866,7429.724609
843,0.042326277016874185,0.043500782316,7550.900879
844,0.015553878285785675,0.034636526286,7569.936035
845,0.0025658614580048762,0.032941541447,7679.867188
846,0.014379244392434584,0.033070154491,7795.601074
847,0.015015441512496024,0.036162144725,7807.058594
848,0.0012979301711670242,0.033187959921,8801.038086
849,0.11938257052848267,0.060201052203,8658.553711
850,-0.015479797108655628,0.06696462954099999,8864.766602
851,0.021673818251251274,0.044068389996999996,8988.59668
852,0.01341736988745665,0.040134388683,8897.46875
853,-0.009572386301988046,0.047101785174,8912.654297
854,0.001921286968205358,0.045718796276,9003.070313
855,0.01007166274759834,0.043148462663,9268.761719
856,0.028438115282364625,0.049371886930999996,9951.518555
857,0.07209487635821737,0.061112700562,9842.666016
858,-0.009461292278747918,0.051780748042,9593.896484
859,-0.025341472416959446,0.046566121841,8756.430664
860,-0.09279670225707727,0.063325279337,8601.795898
861,-0.01766326721073784,0.057119858802,8804.477539
862,0.02215717706291058,0.042142717533,9269.987305
863,0.051271067211952355,0.045558144023,9733.72168
864,0.04854947558747488,0.056426907637,9328.197266
865,-0.042707988849446404,0.048158802327,9377.013672
866,0.004650589311244259,0.036164766407999996,9670.739258
867,0.030857617078219532,0.040084250663,9726.575195
868,0.005224775527657822,0.041827139895999996,9729.038086
869,0.00020382353837737898,0.039254288955,9522.981445
870,-0.021020954531753663,0.036546239703,9081.761719
871,-0.04786696098236427,0.039326160532,9182.577148
872,0.011209798047267797,0.029810773699,9209.287109
873,0.0026301635546713245,0.027727866812,8790.368164
874,-0.04668323583343432,0.032518803299999996,8906.93457
875,0.01367544318638762,0.031288157264,8835.052734
876,-0.0083984568129291,0.029584186946999998,9181.017578
877,0.03810252494983842,0.032740536901999996,9525.750977
878,0.03645998832075781,0.034367073114,9439.124023
879,-0.009416073277646084,0.032896642044,9700.414063
880,0.027424182698785098,0.032722975141,9461.058594
881,-0.024988382909115557,0.027773290299,10167.268555
882,0.07161795831154134,0.035198901068,9529.803711
883,-0.06446802984063581,0.039137252109,9656.717773
884,0.012838310402357141,0.025007459262,9800.636719
885,0.014916117071557163,0.025921805072,9665.533203
886,-0.01379064978693158,0.023509628646,9653.679688
887,-0.001159300211492459,0.020438419222,9758.852539
888,0.011010718726285682,0.025015250846,9771.489258
889,0.0011743928495621468,0.021486346312,9795.700195
890,0.0021885796372136963,0.023717842783,9870.094727
891,0.00773792947691725,0.025706567601,9321.78125
892,-0.05711019112666739,0.03024714344,9480.84375
893,0.017013770323942003,0.022610564515,9475.277344
894,-0.0005778965478263802,0.017564322315,9386.788086
895,-0.009640603220114832,0.018991732746,9450.702148
896,0.006992902477721306,0.026699704767999998,9538.024414
897,0.008825959885248815,0.021565537209,9480.254883
898,-0.00567415414985575,0.020177709879,9411.84082
899,-0.007413311806657084,0.017770083003,9288.018555
900,-0.013066980182355272,0.019632223107,9332.34082
901,0.004439446264078478,0.017130541557,9303.629883
902,-0.002919211764772918,0.015324301169,9648.717773
903,0.03670364474719953,0.021104009514,9629.658203
904,-0.0015004816304017461,0.017006433272,9313.610352
905,-0.03360364712100379,0.018961716075999998,9264.813477
906,-0.005349842985788419,0.018616048625999998,9162.917969
907,-0.01065346407848772,0.018341465837,9045.390625
908,-0.013449786896024789,0.017273093144,9143.582031
909,0.010468355774709793,0.01456087076,9190.854492
910,0.00556091098709611,0.016460547078,9137.993164
911,-0.005200102612832399,0.015735797744,9228.325195
912,0.00894294025511478,0.015971550355,9123.410156
913,-0.011766265616179248,0.016338916796,9087.303711
914,-0.004111360267928898,0.013078970999,9132.488281
915,0.005291997519699684,0.012290528515,9073.942383
916,-0.00574980586192324,0.012903406143,9375.474609
917,0.03283310442485316,0.017889263252,9252.277344
918,-0.010438695293207558,0.013839652595,9428.333008
919,0.018750164502111685,0.019702359883,9277.967773
920,-0.016074502356123264,0.018000702524,9278.807617
921,0.000592236321507028,0.016860035605,9240.34668
922,-0.004019359073362132,0.013249910444,9276.5
923,0.0038284346810477953,0.014452361907,9243.614258
924,-0.0036254241001957882,0.017519821266,9243.213867
925,0.0004888235251143483,0.018085038362,9192.836914
926,-0.005319006749041271,0.015844731575,9132.227539
927,-0.0065292118195248655,0.015713967523,9151.392578
928,0.0021432422180403493,0.013944570748999999,9159.040039
929,0.0008571380590655737,0.012252601475,9185.817383
930,0.003039671731090026,0.012939002784,9164.231445
931,-0.002505398131054523,0.013755604146,9374.887695
932,0.02288915512070917,0.018069581956,9525.363281
933,0.01594502203975252,0.016532254884,9581.072266
934,0.005649186099087029,0.018146399001999998,9536.892578
935,-0.005090039452332049,0.016552768324999998,9677.113281
936,0.014310328570522302,0.016610070933,9905.166992
937,0.022862891470040583,0.020507998997,10990.873047
938,0.10240972295359667,0.035359749589999996,10912.823242
939,-0.009583809272771953,0.028766551142,11100.467773
940,0.016923293018000742,0.024617249715,11111.213867
941,0.0010315845198258376,0.022857247901,11323.466797
942,0.019038221654437283,0.023160469766,11759.592773
943,0.03794510466434415,0.026075670303,11053.614258
944,-0.06117837896045104,0.027410067336,11246.348633
945,0.018034776063998177,0.020271713442999998,11205.892578
946,-0.0035864230046419015,0.021250197042,11747.022461
947,0.047348139543687745,0.024411254471,11779.773438
948,0.0025447666592015956,0.02340074034,11601.472656
949,-0.015225012026486795,0.023132312866999998,11754.045898
950,0.01279981265903495,0.017572057837,11675.739258
951,-0.005273933354717925,0.017489608833,11878.111328
952,0.018209885109075608,0.026114112568999998,11410.525391
953,-0.040739667611436346,0.02703978264,11584.93457
954,0.01568291805249408,0.025064548486,11784.137695
955,0.017010397418403943,0.027522199497,11768.871094
956,-0.00031783978940797924,0.024237958589,11865.698242
957,0.00817473311465503,0.0233549244,11892.803711
958,0.00220666313554241,0.02058337549,12254.402344
959,0.029690292873485836,0.028227687027,11991.233398
960,-0.021462298546300777,0.026043227672,11758.283203
961,-0.019615368867731412,0.024502851117,11878.37207
962,0.009900018693440355,0.020175242944999998,11592.489258
963,-0.0243380666093957,0.023762425999,11681.825195
964,0.008328011886992013,0.020224191306,11664.847656
965,-0.001276020222797808,0.018482062658,11774.595703
966,0.009466673151805997,0.020681511755,11366.134766
967,-0.03547992276815296,0.026301509932,11488.363281
968,0.010642529089639455,0.022466660957999998,11323.397461
969,-0.014256086400999981,0.023240415076,11542.5
970,0.01900128948984725,0.019807127588,11506.865234
971,-0.0029662981511362914,0.017485597759,11711.505859
972,0.017476308262435042,0.019760127945,11680.820313
973,-0.0027805072509764148,0.02228592825,11970.478516
974,0.024603644338103334,0.027311555343,11414.03418
975,-0.0473682601129067,0.028037405299,10245.296875
976,-0.10745603228384681,0.031927261555,10511.813477
977,0.026969157349026607,0.029965130374,10169.567383
978,-0.03341375314029682,0.044916565292,10280.351563
979,0.011085767466645092,0.037071460174,10369.563477
980,0.008718937895454332,0.033703098409,10131.516602
981,-0.023358681085109224,0.033430927462,10242.347656
982,0.010624252119483764,0.024128292755,10363.138672
983,0.011648666020618974,0.054406443211,10400.915039
984,0.0030994451104246127,0.045201121775,10442.170898
985,0.003096087613806715,0.036750077324,10323.755859
986,-0.012368653913195029,0.036506852789,10680.837891
987,0.03342857586188566,0.03545358194,10796.951172
988,0.011039201881657046,0.032509451925,10974.905273
989,0.016247969052813595,0.030769986455,10948.990234
990,-0.0022246162376874435,0.038151810523,10944.585938
991,-0.0006617442293249365,0.026341903912,11094.34668
992,0.014570482298463285,0.022764204008,10938.271484
993,-0.014385772008217524,0.024699523788,10462.259766
994,-0.04423937737405713,0.028884999244,10538.459961
995,0.007525815151292567,0.023621787804,10246.186523
996,-0.027904122615165054,0.023788661867,10760.066406
997,0.04868745453044016,0.047144380902,10692.716797
998,-0.0064048158273015505,0.039348590956999996,10750.723633
999,0.005144376593756496,0.046852525493,10775.269531
1000,0.0026487224067551765,0.053745972818,10709.652344
1001,-0.006185984658527146,0.047762394730999996,10844.640625
1002,0.012551687255719191,0.046582396602,10784.491211
1003,-0.005519454130209155,0.0441710737,10619.452148
1004,-0.01642557184080481,0.040023134099999996,10575.974609
1005,-0.004161106845651944,0.048661453917999996,10549.329102
1006,-0.0024416293852067552,0.044660271563,10669.583008
1007,0.011229064970579523,0.071251776995,10793.339844
1008,0.010902553302880643,0.047537578009,10604.40625
1009,-0.017996452506934532,0.042623695307,10668.96875
1010,0.0061773982727153665,0.037799458436,10915.685547
1011,0.0229040837233224,0.063314794397,11064.458008
1012,0.012441721430852329,0.022799117613,11296.361328
1013,0.02108690644549292,0.022877978588,11384.181641
1014,0.00775612080794036,0.01996862706,11555.363281
1015,0.01418775399478219,0.026163972642,11425.899414
1016,-0.010740637576676738,0.024241420250999998,11429.506836
1017,4.0177507449998076e-05,0.024103426719,11495.349609
1018,0.0060110623355209185,0.024487233057999998,11322.123047
1019,-0.015877036314990135,0.025635480772,11358.101563
1020,0.0031738831155913826,0.019130430174,11483.359375
1021,0.011158276176788698,0.01828331434,11742.037109
1022,0.021286245416030525,0.023860769928,11916.334961
1023,0.014387693568521149,0.030915821592,12823.689453
1024,0.072600704172101,0.043414712625999996,12965.891602
1025,0.012694296030275824,0.034729759598,12931.539063
1026,-0.0031053103733891885,0.028974975003,13108.0625
1027,0.013559951260280001,0.02454231794,13031.173828
1028,-0.005860660141490367,0.024406920575,13075.248047
1029,0.003382018964873547,0.029461458313,13654.21875
1030,0.04317417008860286,0.033749878156,13271.285156
1031,-0.028608924638974326,0.035867318895,13437.882813
1032,0.01252882912635816,0.056499499598,13546.522461
1033,0.008111810853051215,0.030581485201,13780.995117
1034,0.017060690720669763,0.030306464719,13737.109375
1035,-0.0031928036134257105,0.0244538579,13550.489258
1036,-0.013791699793719392,0.030771455468,13950.300781
1037,0.029281832154814832,0.029869951617,14133.707031
1038,0.013181566209937061,0.035116364962,15579.848633
1039,0.09702706051216882,0.040856321439,15565.880859
1040,-0.0008897211449141664,0.039837841971,14833.753906
1041,-0.04854905166392544,0.035024953706,15479.567383
1042,0.04251369753590896,0.026632075029,15332.31543
1043,-0.009610249442744136,0.034149115566,15290.902344
1044,-0.0027112248662373595,0.025574938143,15701.339844
1045,0.02630437382324746,0.029772374934,16276.34375
1046,0.03612116699671223,0.034175758344,16317.808594
1047,0.0025492369913095495,0.031599492172,16068.138672
1048,-0.01557176579001289,0.027481710135,15955.587891
1049,-0.00705285650483436,0.023653867583,16716.111328
1050,0.04652027967133027,0.031526766675,17645.40625
1051,0.055882717886682476,0.039006849169999996,17804.005859
1052,0.008885506202788907,0.049064800278,17817.089844
1053,0.0007452243905350024,0.036985055355,18621.314453
1054,0.04402036159234044,0.03699287394,18642.232422
1055,0.00111907262664471,0.039650210707,18370.001953
1056,-0.014974027624907973,0.041280434226,18364.121094
1057,-0.00032122729562041925,0.042741112308,19107.464844
1058,0.039621669325174164,0.051469565009,18732.121094
1059,-0.01960855211785307,0.043710357371,17150.623047
1060,-0.0896840976547493,0.061396835737,17108.402344
1061,-0.0026794100730322358,0.038886494645,17717.414063
1062,0.03477564025659955,0.032601040734,18177.484375
1063,0.0255476858720177,0.031133957704,19625.835938
1064,0.07633038782727922,0.047728480398999996,18802.998047
1065,-0.043532474174900394,0.049633658712,19201.091797
1066,0.021210279274072846,0.037387697138999997,19445.398438
1067,0.012442731103417032,0.031930317405,18699.765625
1068,-0.039111677362629715,0.033872388058,19154.230469
1069,0.024150354636117,0.027242455064,19345.121094
1070,0.00997385282610392,0.025293775714,19191.630859
1071,-0.007902259226260085,0.026896357742,18321.144531
1072,-0.046354482614597674,0.031692288756,18553.916016
1073,0.01274723870539801,0.034420373071,18264.992188
1074,-0.0157931400343,0.025547132264999998,18058.904297
1075,-0.011425850931069783,0.027919640985,18803.65625
1076,0.04070466076298861,0.021752580801999998,19142.382813
1077,0.01761036611621249,0.025450468637,19246.644531
1078,0.00533184682271538,0.022473997681,19417.076172
1079,0.008815278480241695,0.026741982541,21310.597656
1080,0.09283160544657199,0.044409011479,22805.162109
1081,0.06670674694688931,0.071378606374,23137.960938
1082,0.014512514065140649,0.040387896275,23869.832031
1083,0.03141889675721571,0.03848754658,23477.294922
1084,-0.016236995175972088,0.037844228422,22803.082031
1085,-0.02905160079772041,0.045852713981,23783.029297
1086,0.0427944339340139,0.044171632681,23241.345703
1087,-0.023090410556415166,0.051146161904,23735.949219
1088,0.02130136984783198,0.041080759713,24664.791016
1089,0.038660897778585696,0.042068395846,26437.037109
1090,0.06869615095628755,0.048332647294999996,26272.294922
1091,-0.006163924182522021,0.06647989560499999,27084.808594
1092,0.030001307866753934,0.049056742893,27362.4375
1093,0.010518642013576239,0.045265946774,28840.953125
1094,0.05260818326206472,0.051287442704,29001.720703
1095,0.005575464299261655,0.046754964848,29374.152344
1096,0.013017642364582862,0.040730301359,32127.267578
1097,0.08838477312705446,0.067865420765,32782.023438
1098,0.019580158076232798,0.078665235202,31971.914063
1099,-0.02699469133443063,0.081163475344,33992.429688
1100,0.0623392137861702,0.067547324782,36824.363281
1101,0.07985795965949562,0.07528943381099999,39371.042969
1102,0.06618276752231173,0.084762141031,40797.609375
1103,0.03594179122711544,0.08810751948,40254.546875
1104,-0.013283068139177451,0.061984162837,38356.441406
1105,-0.04903512045762843,0.07998074768999999,35566.65625
1106,-0.08069756502550712,0.12332056739899999,33922.960938
1107,-0.046007762688279004,0.074773277909,37316.359375
1108,0.09692259783853525,0.069364315979,39187.328125
1109,0.04847320901656513,0.063615990033,36825.367188
1110,-0.0628077750252814,0.067760757881,36178.140625
1111,-0.017510911780218033,0.057706187875,35791.277344
1112,-0.010520194936270096,0.052359854335999996,36630.074219
1113,0.02321417624029765,0.049511702429,36069.804688
1114,-0.015507600289386074,0.057244195486,35547.75
1115,-0.014363741689103674,0.066834573161,30825.699219
1116,-0.1435700005728248,0.075643067688,33005.761719
1117,0.0697244925863415,0.077207272511,32067.642578
1118,-0.028313235868916337,0.048354737975,32289.378906
1119,0.007025746051970692,0.048643830599,32366.392578
1120,0.0024097208034385992,0.059897054838,32569.849609
1121,0.006619253760364638,0.06025542147,30432.546875
1122,-0.06883391648828346,0.062576762015,33466.097656
1123,0.09470834952609478,0.076517157706,34316.386719
1124,-6.485372791585233e-05,0.117894572511,34269.523438
1125,-0.0007793492319763171,0.065141828798,33114.359375
1126,-0.034751966924098814,0.052754542671,33537.175781
1127,0.012610631150227826,0.06140040066,35510.289063
1128,0.05698806531751522,0.063088585433,37472.089844
1129,0.05378928496745457,0.061166818159,36926.066406
1130,-0.014658695482947516,0.068838074392,38144.308594
1131,0.03239012075214245,0.058598066402,39266.011719
1132,0.028552913794831845,0.071326033653,38903.441406
1133,-0.008998548106152835,0.065500641143,46196.464844
1134,0.17346024436675056,0.101467222687,46481.105469
1135,0.006356361670380069,0.091809846886,44918.183594
1136,-0.034090608698338916,0.087301089896,47909.332031
1137,0.06498825925484755,0.08138891180999999,47504.851563
1138,-0.007821389360902528,0.076555041196,47105.515625
1139,-0.0081678820061143,0.070250456155,48717.289063
1140,0.03318313880003771,0.071248675228,47945.058594
1141,-0.015783501718414313,0.077069903166,49199.871094
1142,0.025740887707230074,0.077049582886,52149.007813
1143,0.057904493571033326,0.080820545404,51679.796875
1144,-0.008912481504225887,0.052054723579,55888.132813
1145,0.07869436269776106,0.063495496918,56099.519531
1146,0.0037845396415104814,0.068145460026,57539.945313
1147,0.025812945060424065,0.051897585191,54207.320313
1148,-0.062448602542267265,0.09205242033199999,48824.425781
1149,-0.10815570253431375,0.106102492824,49705.332031
1150,0.017669319062453316,0.063695521388,47093.851563
1151,-0.052810096880020606,0.054506565948999997,46339.761719
1152,-0.01811359933475569,0.350967941479,46188.453125
1153,-0.0033429528192390544,0.045910946382,45137.769531
1154,-0.023483081962772115,0.053443887451,49631.242188
1155,0.09424194413310316,0.053891300111999996,48378.988281
1156,-0.02533203265589888,0.04753089772,50538.242188
1157,0.04210767212695681,0.053220811975,48561.167969
1158,-0.03946265964278132,0.05234381668,48927.304688
1159,0.00834433684243886,0.048625928883,48912.382813
1160,0.0002728567738183836,0.034363564661,51206.691406
1161,0.0456219783797508,0.043137459378,52246.523438
1162,0.02106472075121628,0.048597428048,54824.117188
1163,0.047771654231900516,0.050912227385,56008.550781
1164,0.02143009006583185,0.057295577614,57805.121094
1165,0.032723618362207066,0.056772343595,57332.089844
1166,-0.008628646029511211,0.055689944702,61243.085938
1167,0.06615189344606609,0.060669829814,59302.316406
1168,-0.03174214536339683,0.043901225564,55907.199219
1169,-0.05796791174681984,0.06641936989,56804.902344
1170,0.01746775699908813,0.059749798599,58870.894531
1171,0.03603690606295515,0.060258313191,57858.921875
1172,-0.0180844243093506,0.055746040999999996,58346.652344
1173,0.008544895114860057,0.049063873786,58313.644531
1174,-0.0003148928717109925,0.050361731222,57523.421875
1175,-0.01370511626676756,0.051943414539,54529.144531
1176,-0.053010920945906134,0.056521454974,54738.945313
1177,0.004152990664808381,0.056435023914,52774.265625
1178,-0.03527565310642606,0.070567223787,51704.160156
1179,-0.01961815191467313,0.067999812841,55137.3125
1180,0.06473748969806675,0.056652197978,55973.511719
1181,0.015087750674853339,0.047266542232999996,55950.746094
1182,-0.00043329160298224745,0.047686580918,57750.199219
1183,0.03176379892085885,0.057625587027,58917.691406
1184,0.02000978345552723,0.054414116432,58918.832031
1185,-0.0001945547984142472,0.065520826225,59095.808594
1186,0.0028663589222740087,0.061669163792,59384.3125
1187,0.004791708147720333,0.058727860619999996,57603.890625
1188,-0.03047245171903103,0.059641344484,58758.554688
1189,0.0198775116053719,0.05074966297,59057.878906
1190,0.00505168302579807,0.060706272115,58192.359375
1191,-0.016726789691721915,0.06605802798799999,56048.9375
1192,-0.037391300524079546,0.075645303584,58323.953125
1193,0.038943817695838004,0.053053855641,58245.003906
1194,-0.0013972102747951839,0.046655208546,59793.234375
1195,0.0258048400115551,0.058238470524999995,60204.964844
1196,0.005974905475052519,0.04628025258,59893.453125
1197,-0.004675362214222056,0.051828688519,63503.457031
1198,0.058464071779130246,0.069983454362,63109.695313
1199,-0.006550632638458739,0.077451779687,63314.011719
1200,0.0037898151150735577,0.060954381578999996,61572.789063
1201,-0.02722907817483609,0.084293007468,60683.820313
1202,-0.013765188070011057,0.066138759198,56216.183594
1203,-0.07877463508096819,0.097468872758,55724.265625
1204,-0.00835331053728742,0.065344865159,56473.03125
1205,0.014319733645551159,0.067849323955,53906.089844
1206,-0.04644561598712957,0.054926612466,51762.273438
1207,-0.03952735403465418,0.074798630778,51093.652344
1208,-0.012944424139669921,0.08666866732,50050.867188
1209,-0.02185312113462521,0.049014494781,49004.253906
1210,-0.02147284523324067,0.04611711424,54021.753906
1211,0.09586818988341118,0.058284039825,55033.117188
1212,0.01844487740981456,0.049448222757,54824.703125
1213,-0.003849309420481553,0.048000572955,53555.109375
1214,-0.024233861493947528,0.046088929779999996,57750.175781
1215,0.0753219788290642,0.052395931985,57828.050781
1216,0.0019633959470529,0.04283642736,56631.078125
1217,-0.02095296407981092,0.038177405335,57200.292969
1218,0.010038050416070815,0.051713139031,53333.539063
1219,-0.07029789128034114,0.068564706967,57424.007813
1220,0.075249423232989,0.069241316747,56396.515625
1221,-0.018370660658072416,0.069523285106,57356.402344
1222,0.016544576301207543,0.068434023376,58803.777344
1223,0.02492294588612465,0.065382980634,58232.316406
1224,-0.011151493186729564,0.065906690347,55859.796875
1225,-0.04209978195199549,0.071776546298,56704.574219
1226,0.015380747014649752,0.061308396325,49150.535156
1227,-0.14126441810848914,0.075215403907,49716.191406
1228,-0.00039145598681204215,0.096721152926,49880.535156
1229,0.003939012971836838,0.055737497452999996,46760.1875
1230,-0.06362153266102925,0.059161047474,46456.058594
1231,-0.005562952245736415,0.064047871555,43537.511719
1232,-0.06480601716453785,0.07490363845,42909.402344
1233,-0.013124389955064536,0.056187365084,37002.441406
1234,-0.16011656294062868,0.126358098747,40782.738281
1235,0.10395776304434329,0.088281943359,37304.691406
1236,-0.0868799984958166,0.082051616861,37536.632813
1237,0.004462767553548361,0.05737727324,34770.582031
1238,-0.07943049091726169,0.078469274361,38705.980469
1239,0.1076978248115657,0.067359584098,38402.222656
1240,-0.010308277363542378,0.056211915803,39294.199219
1241,0.022915189193557055,0.05134673516,38436.96875
1242,-0.022670359179447288,0.043210968721,35697.605469
1243,-0.07630713954875755,0.055200191952,34616.066406
1244,-0.030117397176232883,0.045231013335,35678.128906
1245,0.030626462293154983,0.031646080921,37332.855469
1246,0.04669522127759378,0.039009847639,36684.925781
1247,-0.01652648262301301,0.034639423297,37575.179688
1248,0.023592602499562156,0.03307086719,39208.765625
1249,0.04195240086630142,0.035460750427,36894.40625
1250,-0.06264865634719888,0.041831090187,35551.957031
1251,-0.036479905181203365,0.035959473399,35862.378906
1252,0.009026066851591087,0.028913440585,33560.707031
1253,-0.06473657031488572,0.033683936663,33472.632813
1254,-0.0035892348751761284,0.049902050442,37345.121094
1255,0.11221148277155257,0.053972919008,36702.597656
1256,-0.018519822291115717,0.043576032853999996,37334.398438
1257,0.017307263445434574,0.038699736985,35552.515625
1258,-0.049561972413340386,0.03792422855,39097.859375
1259,0.0954904642089521,0.040669112837999996,40218.476563
1260,0.03013728079102087,0.043148914673,40406.269531
1261,-0.0005166183945226774,0.046420149185,38347.0625
1262,-0.046297211857817336,0.039211635099999996,38053.503906
1263,-0.00748292251786276,0.037096670047,35787.246094
1264,-0.06296656671260664,0.036200887274999996,35615.871094
1265,-0.006685904948878478,0.031207279719,35698.296875
1266,0.0038898609481373635,0.036664034054,31676.693359
1267,-0.11831078945097237,0.052809038594,32505.660156
1268,0.028407749294137915,0.058964353058,33723.027344
1269,0.03629593603102444,0.046317108924999996,34662.4375
1270,0.02897730519868811,0.033123368116,31637.779297
1271,-0.09040726103871782,0.040230904226,32186.277344
1272,0.0188345622525164,0.038585385521,34649.644531
1273,0.07079861836318012,0.035511640893999996,34434.335938
1274,-0.0070827024825598104,0.033892523752,35867.777344
1275,0.0393312165874248,0.037901460043999996,35040.835938
1276,-0.024730317182564347,0.034059036099,33572.117188
1277,-0.04310577851762142,0.037838957079,33897.046875
1278,0.010416546490891892,0.038728974942,34668.546875
1279,0.023835505096673832,0.024383958643,35287.78125
1280,0.01769313458275804,0.024924307911,33746.003906
1281,-0.04491634080639985,0.026721554281999998,34235.195313
1282,0.014909645445189365,0.02650125987,33855.328125
1283,-0.010760254374481118,0.024796027477,32877.371094
1284,-0.030654684148643377,0.029910396946,33798.011719
1285,0.028219508184917873,0.027436021028,33520.519531
1286,-0.00863638478336547,0.022971873468,34240.1875
1287,0.021524918649390688,0.020108729369999998,33155.847656
1288,-0.03264011599872078,0.024321499537,32702.025391
1289,-0.012912117834424478,0.019120856669,32822.347656
1290,0.0030448579939044746,0.02137653121,31780.730469
1291,-0.03255269575323842,0.021300524237,31421.539063
1292,-0.01326651358429742,0.023699476918,31533.068359
1293,0.004298920314729514,0.018895018942,31796.810547
1294,0.008266223248844328,0.018787986667,30817.832031
1295,-0.03145511856912589,0.020434789545,29807.347656
1296,-0.03415558384821452,0.023148267245,32110.693359
1297,0.07432445675710483,0.028203024559,32313.105469
1298,0.005417531691965338,0.019555230518,33581.550781
1299,0.038866624447847255,0.022552046192,34292.445313
1300,0.020576081042181088,0.021664706865,35350.1875
1301,0.030612103864177755,0.020856685287,37337.535156
1302,0.05155248810671493,0.051022126212,39406.941406
1303,0.05618836314623006,0.03509737056,39995.90625
1304,0.01236767011642279,0.038702404695,40008.421875
1305,0.00032444128059600777,0.027167146027,42235.546875
1306,0.05476827537671549,0.03307278296,41626.195313
1307,-0.013681155985876017,0.025802845342999998,39974.894531
1308,-0.03620618345747783,0.026688438115,39201.945313
1309,-0.01781877616844958,0.025595265436,38152.980469
1310,-0.0264515500716207,0.02618983045,39747.503906
1311,0.03957036291144118,0.025372562724,40869.554688
1312,0.028554313586860308,0.035185031017,42816.5
1313,0.046888047851091276,0.038226483046,44555.800781
1314,0.039469361418149794,0.040030862141,43798.117188
1315,-0.0175213401757327,0.03630266475,46365.402344
1316,0.0576330909111769,0.038734079048999996,45585.03125
1317,-0.015235152554486374,0.033546019517,45593.636719
1318,-0.0001317533062176575,0.034319709073,44428.289063
1319,-0.025498619403166417,0.033723620826,47793.320313
1320,0.07281443739686021,0.031744259539,47096.945313
1321,-0.015141495005356578,0.031211354442,47047.003906
1322,-0.0010687718738597496,0.030988958445999998,46004.484375
1323,-0.021675426010628388,0.03277687661,44695.359375
1324,-0.027082831027763824,0.0334513626,44801.1875
1325,0.002534155324874319,0.032194123075,46717.578125
1326,0.04343663479331326,0.037204312299,49339.175781
1327,0.05450519349111734,0.034706867452,48905.492188
1328,-0.008601150480963216,0.040585205312,49321.652344
1329,0.009266708092199837,0.025370975378,49546.148438
1330,0.005112115988872389,0.034305053719,47706.117188
1331,-0.038050809159273884,0.035361168834,48960.789063
1332,0.025600833277324698,0.032646349931,46942.21875
1333,-0.04303602096886015,0.032666549568,49058.667969
1334,0.0453183908256667,0.034511076995,48902.402344
1335,-0.003480851328029542,0.028568103400999998,48829.832031
1336,-0.0016689145244807083,0.02588965024,47054.984375
1337,-0.03712857098763027,0.031847007016,47166.6875
1338,0.0029986978928179635,0.034730363427,48847.027344
1339,0.03652533683048284,0.039139399125,49327.722656
1340,0.010502976966680448,0.039508070319,50025.375
1341,0.01483621153914381,0.043206179619,49944.625
1342,-0.001292764485016374,0.037471327793999996,51753.410156
1343,0.0358071102696343,0.030322676319,52633.535156
1344,0.01666492038396533,0.038884105426,46811.128906
1345,-0.12168533533075877,0.065210059683,46091.390625
1346,-0.016026279870401946,0.049007762488,46391.421875
1347,0.013271677370541742,0.038672657012999996,44883.910156
1348,-0.033110448174548314,0.039154666597,45201.457031
1349,0.007305344303463013,0.034499835245,46063.269531
1350,0.018795182519554515,0.027881980161,44963.074219
1351,-0.024263014191991762,0.040969943253,47092.492188
1352,0.04637231293264592,0.03865215288,48176.347656
1353,0.02264870108919395,0.030484496466,47783.359375
1354,-0.007859392572918858,0.031764293754,47267.519531
1355,-0.01060040244547478,0.028727713711,48278.363281
1356,0.02096048646833955,0.028575630451,47260.21875
1357,-0.0211791302475203,0.026967722648,42843.800781
1358,-0.09824857727050466,0.043909845642,40693.675781
1359,-0.055604113251396727,0.048701090088,43574.507813
1360,0.06847302716442585,0.038139709246,44895.097656
1361,0.03031863271234857,0.03424406443,42839.75
1362,-0.04777077945178597,0.042839345714,42716.59375
1363,-0.002933045719086328,0.031604717236,43208.539063
1364,0.011488097529673513,0.030661222077,42235.730469
1365,-0.02308458620851981,0.030980029059,41034.542969
1366,-0.02786763678106819,0.03021494055,41564.363281
1367,0.011979114855363628,0.030602359904999998,43790.894531
1368,0.05236611508347811,0.031141681924999998,48116.941406
1369,0.09373114718050113,0.042850641582,47711.488281
1370,-0.008897991243960467,0.030614346492,48199.953125
1371,0.010799391127896563,0.026638115878999998,49112.902344
1372,0.018735324515059184,0.033383173002,51514.8125
1373,0.046373720686323894,0.035873904236,55361.449219
1374,0.07307009843618383,0.049034730168,53805.984375
1375,-0.028156953724698598,0.036807860413,53967.847656
1376,0.0030234752324463897,0.034800873924,54968.222656
1377,0.019030734078626297,0.032491211414,54771.578125
1378,-0.003275493909830509,0.039527792363999996,57484.789063
1379,0.04898219879097881,0.042637331698,56041.058594
1380,-0.026506617028430334,0.041083758949,57401.097656
1381,0.024323475078423792,0.041684252782999996,57321.523438
1382,-0.0008889545388893898,0.036615791365999996,61593.949219
1383,0.07102256493043188,0.051780081801,60892.179688
1384,-0.011713653749615053,0.034250964237,61553.617188
1385,0.01102499606098219,0.029032367511,62026.078125
1386,0.007784122750112171,0.038055562075,64261.992188
1387,0.03520343771776712,0.040471196346,65992.835938
1388,0.026171840739941922,0.040788955582,62210.171875
1389,-0.05892048922259903,0.04590812137,60692.265625
1390,-0.02496208341027699,0.038434082774999996,61393.617188
1391,0.011499316750176016,0.026882546034,60930.835938
1392,-0.007222631238285674,0.027316183881999998,63039.824219
1393,0.03449411726505453,0.031064911614,60363.792969
1394,-0.04332031632397897,0.034878965587,58482.386719
1395,-0.03125310268182099,0.043657076892999996,60622.136719
1396,0.03575678568833727,0.045257083247,62227.964844
1397,0.026012093133549356,0.036856881767,61888.832031
1398,-0.005688201659603956,0.032157938616,61318.957031
1399,-0.00867944285008634,0.032241199927,61004.40625
1400,-0.005176187558059164,0.036150572843,63226.402344
1401,0.03623476893363069,0.037746665647,62970.046875
1402,-0.004559524979929051,0.036124731509,61452.230469
1403,-0.024040327984848037,0.032615846901,61125.675781
1404,-0.005420422613015149,0.030605102446,61527.480469
1405,0.007533283803392312,0.029094934221,63326.988281
1406,0.028407724284084484,0.024726754301999998,67566.828125
1407,0.06446088152925165,0.04112560833,66971.828125
1408,-0.00856713329080101,0.042357991721,64995.230469
1409,-0.029668773033543035,0.048730828377999996,64949.960938
1410,-0.00044589700375181196,0.035880633236,64155.941406
1411,-0.011080880415045869,0.036084893887,64469.527344
1412,0.004857396389846484,0.030474228776999998,65466.839844
1413,0.015664323142210872,0.025122092191,63557.871094
1414,-0.03024604916307775,0.030558763548,60161.246094
1415,-0.058009138406407215,0.046844335592,60368.011719
1416,0.0038275934543047308,0.03917839293,56942.136719
1417,-0.0581790734843277,0.041388338699,58119.578125
1418,0.021453427726824858,0.038702407772,59697.195313
1419,0.02696869687195894,0.030624264863,58730.476563
1420,-0.016860613089997097,0.026123447605,56289.289063
1421,-0.042064176274223285,0.035036121783,57569.074219
1422,0.022280657597643427,0.037485803899,56280.425781
1423,-0.02259745824301882,0.036635566789,57274.679688
1424,0.0018755017811392222,0.034284016247999996,53569.765625
1425,-0.09561621891588,0.041810748221,54815.078125
1426,0.019792147819040967,0.030560857714,57248.457031
1427,0.043893320808992616,0.028116886357,57806.566406
1428,0.008899119843795095,0.032370840356,57005.425781
1429,-0.014321135800620765,0.036708594618,57229.828125
1430,0.0055688210319860335,0.036858195307,56477.816406
1431,-0.013061218078462998,0.032379968686,53598.246094
1432,-0.05293600564817308,0.039789134215,49200.703125
1433,-0.09355669915230969,0.061385677469,49368.847656
1434,0.00342795432085783,0.037198201161,50582.625
1435,0.023808938555048325,0.037707308001,50700.085938
1436,0.002316269315076243,0.033676814852,50504.796875
1437,-0.0032590726361690536,0.028479699445999998,47672.121094
1438,-0.056603256969986394,0.029603577251,47243.304688
1439,-0.008220200860704649,0.030966005121999998,49362.507813
1440,0.04352412539092014,0.025775869261,50098.335938
1441,0.014951736464800941,0.021939223599,46737.480469
1442,-0.07028651556429674,0.032166727776,46612.632813
1443,-0.002049243359720096,0.034638619078999996,48896.722656
1444,0.010753836250529997,0.03654182852,47665.425781
1445,-0.02547642289717789,0.027268150947,46202.144531
1446,-0.03100913754500057,0.032902725329,46848.777344
1447,0.013550921555951542,0.02609829269,46707.015625
1448,-0.0031049265231372853,0.025154053861,46880.277344
1449,0.003725790465006365,0.030961902128999998,48936.613281
1450,0.04271961973932927,0.027055803928,48628.511719
1451,-0.006297946062003937,0.024447979559,50784.539063
1452,0.043425249930810574,0.028223878108,50822.195313
1453,0.0003155431439364074,0.024367912228,50429.859375
1454,-0.008382698804893387,0.019030650914,50809.515625
1455,0.0075545758116262315,0.020964372926,50640.417969
1456,-0.0031660757311346246,0.024324345758,47588.855469
1457,-0.06302121822730318,0.033430376883,46444.710938
1458,-0.025003067760297478,0.030049226299,47178.125
1459,0.014637374945836482,0.026686491018,46306.445313
1460,-0.018303172781284602,0.0369741724,47686.8125
1461,0.029220735554654955,0.024582667004,47345.21875
1462,-0.0070870360977784794,0.027951569547,46458.117188
1463,-0.018970694464991136,0.033071628362,45897.574219
1464,-0.012049877594086171,0.042494677905,43569.003906
1465,-0.05194308221303634,0.036851084859,43160.929688
1466,-0.009365947257182795,0.030208048289,41557.902344
1467,-0.03788789573866784,0.08419660752,41733.941406
1468,0.004161013905480037,0.028066355844999998,41911.601563
1469,0.00421120377371476,0.021294384372,41821.261719
1470,-0.002170073922179098,0.032104232331,42735.855469
1471,0.02171210727176695,0.0263276489,43949.101563
1472,0.02785278603800886,0.033499938688999996,42591.570313
1473,-0.0312519944963721,0.047691135082,43099.699219
1474,0.011738713372416177,0.023577403399,43177.398438
1475,0.0017478124876134534,0.018371348298,43113.878906
1476,-0.0013505543011552773,0.017902097845,42250.550781
1477,-0.020447166350445523,0.021690904261,42375.632813
1478,0.0029921042502818102,0.022417209227,41744.328125
1479,-0.015043042788778683,0.023091543258,40680.417969
1480,-0.02529817810337448,0.02038203394,36457.316406
1481,-0.11040159398681525,0.043011992031,35030.25
1482,-0.04057936810987777,0.039714385405,36276.804688
1483,0.034526115806817415,0.026017975951,36654.328125
1484,0.010750682011642062,0.041856658596999996,36954.003906
1485,0.008172162624164632,0.026428189594,36852.121094
1486,-0.0026168648139397324,0.031324598034,37138.234375
1487,0.008144139040854705,0.025041426629,37784.332031
1488,0.017687471593758195,0.022238830523,38138.179688
1489,0.009409107133096502,0.017194183075,37917.601563
1490,-0.006190326767975758,0.014643548444,38483.125
1491,0.014933337976324207,0.020734730465,38743.273438
1492,0.006772287633067193,0.020288500328,36952.984375
1493,-0.047331656902191974,0.019155189415999998,37154.601563
1494,0.005706418435049656,0.018591534769,41500.875
1495,0.11069781501432595,0.029412210791999998,41441.164063
1496,-0.001455419329059774,0.019652846215,42412.433594
1497,0.0231967157639446,0.016142097334,43840.285156
1498,0.03327924738273959,0.028641855926,44118.445313
1499,0.005988373882460072,0.033079398868,44338.796875
1500,0.005504584629962314,0.0232458873,43565.113281
1501,-0.01757584819089521,0.032142048537,42407.9375
1502,-0.02707445754822516,0.026954925781,42244.46875
1503,-0.00395619738906621,0.018152390304,42197.515625
1504,-0.0009227064600454565,0.014741589014999999,42586.917969
1505,0.010171230241457808,0.020827783012,44575.203125
1506,0.04563511066077226,0.022721659051,43961.859375
1507,-0.01400393452175791,0.019792547657,40538.011719
1508,-0.0805632657957547,0.026246662813,40030.976563
1509,-0.012937250755548885,0.023310007703999998,40122.15625
1510,0.0023993632251810577,0.013736557863,38431.378906
1511,-0.04312065388575306,0.018340576452,37075.28125
1512,-0.035311577844928395,0.029280402798,38286.027344
1513,0.032525785072499744,0.025493150449999998,37296.570313
1514,-0.02590818627174833,0.021849073843,38332.609375
1515,0.028709542079221755,0.046383802093,39214.21875
1516,0.02265124170865725,0.026545599159,39105.148438
1517,-0.0027426374371626663,0.017467554129,37709.785156
1518,-0.03605325360144915,0.023450127612,43193.234375
1519,0.13502273716871066,0.035690014104,44354.636719
1520,0.02644292238877689,0.032479047645,43924.117188
1521,-0.009795455779123231,0.02918311263,42451.789063
1522,-0.03429064941794661,0.024967782593,39137.605469
1523,-0.08170059239926232,0.028516271427,39400.585938
1524,0.006436708440781016,0.01697591745,38419.984375
1525,-0.025284310390245188,0.019745229902,38062.039063
1526,-0.009577873705862603,0.028546143503,38737.269531
1527,0.01753432978324304,0.025776583476,41982.925781
1528,0.07983340882268754,0.032284121033999996,39437.460938
1529,-0.06275810370909637,0.031078064711,38794.972656
1530,-0.01644787418878119,0.026364890465,38904.011719
1531,0.002805975555292255,0.014616450656999999,37849.664063
1532,-0.026906581382253218,0.01730074531,39666.753906
1533,0.04702561226472916,0.02432215907,39338.785156
1534,-0.008334050608132809,0.023934000868,41143.929688
1535,0.04493499281761672,0.039616916192,40951.378906
1536,-0.004623890293405395,0.022009601093,41801.15625
1537,0.020759652495404755,0.034421564942,42190.652344
1538,0.009437740090100162,0.019664853187,41247.824219
1539,-0.02266974789240781,0.020127946682,41077.996094
1540,-0.00409478072322245,0.024615543271,42358.808594
1541,0.03056161440833037,0.032004652375999997,42892.957031
1542,0.012470727667862943,0.025242943069,43960.933594
1543,0.02473648963649732,0.031042992291,44348.730469
1544,0.008661974574894761,0.030574413034,44500.828125
1545,0.0033962856245342405,0.016950455995,46820.492188
1546,0.05073447174086501,0.028160889722,47128.003906
1547,0.006460474942596521,0.036362175703,47465.730469
1548,0.00768045623162552,0.031397059069,47062.664063
1549,-0.008352302924574784,0.029333883962,45538.675781
1550,-0.03279721359527928,0.033327427106,46281.644531
1551,0.01598517690445376,0.038162644287,46233.214844
